<step title="BackgroundTrace" date="2025-11-02T08:38:25.451" instance="5d15ff" url="/api/zipdeploy" method="POST" >
  <step title="Updating shutdown sentinel last write time" date="2025-11-02T08:38:25.468" SemaphoreCount="7" /><!-- duration: 14ms -->
  <step title="LockFile &apos;C:\home\site\locks\deployments.lock&apos; acquired" date="2025-11-02T08:38:25.482" /><!-- duration: 0ms -->
  <step title="Creating temporary deployment" date="2025-11-02T08:38:25.498" /><!-- duration: 47ms -->
  <step title="Performing fetch based deployment" date="2025-11-02T08:38:25.561" >
    <step title="Fetching changes." date="2025-11-02T08:38:25.670" /><!-- duration: 19ms -->
    <step title="Starting LocalZipHandler" date="2025-11-02T08:38:25.701" /><!-- duration: 0ms -->
    <step title="Cleaning up temp folders from previous zip deployments and extracting pushed zip file C:\local\Temp\zipdeploy\nmbeyx3x.zip (0.03 MB) to C:\local\Temp\zipdeploy\extracted" date="2025-11-02T08:38:25.748" /><!-- duration: 18ms -->
    <step title="Cleaning up temp folders from previous zip deployments and extracting pushed zip file C:\local\Temp\zipdeploy\nmbeyx3x.zip (0.03 MB) to C:\local\Temp\zipdeploy\extracted" date="2025-11-02T08:38:25.766" >
      <step title="Renaming extractTargetDirectory(C:\local\Temp\zipdeploy\extracted) to tempDirectory(C:\local\Temp\zipdeploy\g2yiduqd.nrw)" date="2025-11-02T08:38:25.779" /><!-- duration: 16ms -->
      <step title="Extracting 6 entries to C:\local\Temp\zipdeploy\extracted directory" date="2025-11-02T08:38:26.099" >
        <step title="Extracting to C:\local\Temp\zipdeploy\extracted\.env ..." date="2025-11-02T08:38:26.118" /><!-- duration: 0ms -->
        <step title="Extracting to C:\local\Temp\zipdeploy\extracted\.env.example ..." date="2025-11-02T08:38:26.130" /><!-- duration: 0ms -->
        <step title="Extracting to C:\local\Temp\zipdeploy\extracted\package-lock.json ..." date="2025-11-02T08:38:26.147" /><!-- duration: 14ms -->
        <step title="Extracting to C:\local\Temp\zipdeploy\extracted\package.json ..." date="2025-11-02T08:38:26.161" /><!-- duration: 16ms -->
        <step title="Extracting to C:\local\Temp\zipdeploy\extracted\server.js ..." date="2025-11-02T08:38:26.177" /><!-- duration: 16ms -->
        <step title="Extracting to C:\local\Temp\zipdeploy\extracted\web.config ..." date="2025-11-02T08:38:26.208" /><!-- duration: 16ms -->
      </step><!-- duration: 140ms -->
    </step><!-- duration: 473ms -->
    <step title="Before sending BuildRequestReceived status to /api/updatedeploystatus" date="2025-11-02T08:38:26.255" /><!-- duration: 0ms -->
    <step title="DeploymentManager.Deploy(id:958fc76da19f4e92864c9570bb86369d)" date="2025-11-02T08:38:26.255" >
      <step title="Collecting changeset information" date="2025-11-02T08:38:26.270" /><!-- duration: 62ms -->
      <step title="Updating submodules" date="2025-11-02T08:38:26.492" >
        <step title="Updating submodules." date="2025-11-02T08:38:26.588" /><!-- duration: 11ms -->
      </step><!-- duration: 106ms -->
      <step title="Preparing deployment for commit id &apos;958fc76da1&apos;." date="2025-11-02T08:38:26.755" /><!-- duration: 0ms -->
      <step title="Determining deployment builder" date="2025-11-02T08:38:26.959" >
        <step title="UseMSBuild16: True" date="2025-11-02T08:38:26.959" /><!-- duration: 16ms -->
        <step title="Builder is NodeSiteBuilder" date="2025-11-02T08:38:26.989" /><!-- duration: 0ms -->
      </step><!-- duration: 46ms -->
      <step title="Copying SSH keys" date="2025-11-02T08:38:27.020" /><!-- duration: 0ms -->
      <step title="Building" date="2025-11-02T08:38:27.036" >
        <step title="Generating deployment script." date="2025-11-02T08:38:27.229" /><!-- duration: 29ms -->
        <step title="Generating deployment script" date="2025-11-02T08:38:27.258" >
          <step title="Using cached version of the deployment script for command: -y --no-dot-deployment -r &quot;C:\local\Temp\zipdeploy\extracted&quot; -o &quot;C:\home\site\deployments\tools&quot; --node --sitePath &quot;C:\local\Temp\zipdeploy\extracted&quot;" date="2025-11-02T08:38:27.317" /><!-- duration: 17ms -->
          <step title="Using cached version of deployment script (command: &apos;azure -y --no-dot-deployment -r &quot;C:\local\Temp\zipdeploy\extracted&quot; -o &quot;C:\home\site\deployments\tools&quot; --node --sitePath &quot;C:\local\Temp\zipdeploy\extracted&quot;&apos;)." date="2025-11-02T08:38:27.354" /><!-- duration: 10ms -->
        </step><!-- duration: 171ms -->
        <step title="Running deployment command..." date="2025-11-02T08:38:27.505" /><!-- duration: 15ms -->
        <step title="Command: &quot;C:\home\site\deployments\tools\deploy.cmd&quot;" date="2025-11-02T08:38:27.536" /><!-- duration: 17ms -->
        <step title="Executing external process" date="2025-11-02T08:38:27.583" type="process" path="starter.cmd" arguments="&quot;C:\home\site\deployments\tools\deploy.cmd&quot;" >
          <step title="Handling node.js deployment." date="2025-11-02T08:38:31.102" /><!-- duration: 0ms -->
          <step title="Creating app_offline.htm" date="2025-11-02T08:38:31.149" /><!-- duration: 19ms -->
          <step title="KuduSync.NET from: &apos;C:\local\Temp\zipdeploy\extracted&apos; to: &apos;C:\home\site\wwwroot&apos;" date="2025-11-02T08:38:31.264" /><!-- duration: 77ms -->
          <step title="Copying file: &apos;package-lock.json&apos;" date="2025-11-02T08:38:31.352" /><!-- duration: 18ms -->
          <step title="Copying file: &apos;server.js&apos;" date="2025-11-02T08:38:31.384" /><!-- duration: 16ms -->
          <step title="Deleting app_offline.htm" date="2025-11-02T08:38:31.419" /><!-- duration: 0ms -->
          <step title="Using start-up script server.js from package.json." date="2025-11-02T08:38:31.449" /><!-- duration: 0ms -->
          <step title="Node.js versions available on the platform are: 0.6.20, 0.8.2, 0.8.19, 0.8.26, 0.8.27, 0.8.28, 0.10.5, 0.10.18, 0.10.21, 0.10.24, 0.10.26, 0.10.28, 0.10.29, 0.10.31, 0.10.32, 0.10.40, 4.0.0, 4.1.0, 4.1.2, 4.2.1, 4.2.2, 4.2.3, 4.2.4, 4.3.0, 4.3.2, 4.4.0, 4.4.1, 4.4.6, 4.4.7, 4.5.0, 4.6.0, 4.6.1, 4.8.4, 4.9.1, 5.0.0, 5.1.1, 5.3.0, 5.4.0, 5.5.0, 5.6.0, 5.7.0, 5.7.1, 5.8.0, 5.9.1, 6.0.0, 6.1.0, 6.2.2, 6.3.0, 6.5.0, 6.6.0, 6.7.0, 6.9.0, 6.9.1, 6.9.2, 6.9.4, 6.9.5, 6.10.0, 6.10.3, 6.11.1, 6.11.2, 6.11.5, 6.12.2, 6.12.3, 6.17.1, 8.0.0, 8.1.4, 8.4.0, 8.5.0, 8.7.0, 8.8.0, 8.8.1, 8.9.0, 8.9.3, 8.9.4, 8.10.0, 8.11.1, 8.17.0, 10.0.0, 10.6.0, 10.14.1, 10.15.2, 10.16.3, 10.19.0, 10.24.1, 12.13.0, 12.15.0, 12.18.0, 12.21.0, 12.22.12, 14.10.1, 14.15.0, 14.15.1, 14.16.0, 14.18.1, 14.20.0, 16.9.1, 16.13.0, 16.16.0, 18.3.0, 18.12.1, 18.19.1, 18.20.4, 18.20.7, 20.9.0, 20.18.3, 20.19.4, 22.5.1, 22.14.0, 22.17.1." date="2025-11-02T08:38:31.477" /><!-- duration: 0ms -->
          <step title="Selected node.js version 22.17.1. Use package.json file to choose a different version." date="2025-11-02T08:38:31.526" /><!-- duration: 0ms -->
          <step title="Selected npm version 11.5.1" date="2025-11-02T08:38:31.545" /><!-- duration: 10ms -->
          <step title="Updating iisnode.yml at C:\home\site\wwwroot\iisnode.yml" date="2025-11-02T08:38:31.575" /><!-- duration: 12ms -->
          <step title="npm warn config production Use `--omit=dev` instead." date="2025-11-02T08:38:37.495" /><!-- duration: 560ms -->
          <step title="up to date, audited 192 packages in 11s" date="2025-11-02T08:38:44.493" /><!-- duration: 0ms -->
          <step title="37 packages are looking for funding" date="2025-11-02T08:38:44.524" /><!-- duration: 16ms -->
          <step title="  run `npm fund` for details" date="2025-11-02T08:38:44.559" /><!-- duration: 0ms -->
          <step title="found 0 vulnerabilities" date="2025-11-02T08:38:44.588" /><!-- duration: 14ms -->
          <step title="Finished successfully." date="2025-11-02T08:38:44.743" /><!-- duration: 17ms -->
        </step><!-- duration: 17285ms -->
        <step title="Running post deployment command(s)..." date="2025-11-02T08:38:45.025" /><!-- duration: 0ms -->
        <step title="Triggering recycle (preview mode disabled)." date="2025-11-02T08:38:45.180" /><!-- duration: 18ms -->
        <step title="Ignoring FS watcher based recycle request as this is a classic Windows app." date="2025-11-02T08:38:45.227" /><!-- duration: 33ms -->
        <step title="Deployment successful. DEPLOYMENTINFO: deploymentPath = ZipDeploy. Extract zip. Remote build. , deployer = ZipDeploy, os = windows, sku = Basic, siteName = vishapii, siteHostName = vishapii.azurewebsites.net, deploymentStatus = Success" date="2025-11-02T08:38:45.430" /><!-- duration: 17ms -->
      </step><!-- duration: 18756ms -->
    </step><!-- duration: 19566ms -->
    <step title="Cleaning up temp files" date="2025-11-02T08:38:45.840" /><!-- duration: 13ms -->
    <step title="Skip function trigger and logicapp sync because function is not enabled." date="2025-11-02T08:38:45.868" /><!-- duration: 19ms -->
  </step><!-- duration: 20432ms -->
  <step title="LockFile &apos;C:\home\site\locks\deployments.lock&apos; released" date="2025-11-02T08:38:46.011" /><!-- duration: 13ms -->
  <step title="Deleting shutdown sentinel file" date="2025-11-02T08:38:46.040" SemaphoreCount="8" /><!-- duration: 17ms -->
</step><!-- duration: 20623ms -->
