<step title="Incoming Request" date="2025-11-02T08:33:46.174" instance="bcfe56" url="/api/zipdeploy?isAsync=true" method="POST" type="request" pid="7716,2,12" Content-Length="31379" Content-Type="application/octet-stream" Accept="application/json" Accept-Encoding="gzip" Authorization="Bea..." Host="vishapii.scm.azurewebsites.net" User-Agent="azsdk-go-zip-deploy/1.0.0 (go1.25.0 X:loopvar; Windows_NT),azdev/1.20.3 (Go go1.25.0 X:loopvar; windows/amd64)" X-Ms-Correlation-Request-Id="abe4f9e12029e39abded3d43967ac7f8" X-ARR-LOG-ID="abe4f9e1-2029-e39a-bded-3d43967ac7f8" CLIENT-IP="157.48.223.191:57192" X-SITE-DEPLOYMENT-ID="vishapii" WAS-DEFAULT-HOSTNAME="vishapii.scm.azurewebsites.net" X-Forwarded-Proto="https" X-AppService-Proto="https" X-Forwarded-TlsVersion="1.3" X-WAWS-Unencoded-URL="/api/zipdeploy?isAsync=true" >
  <step title="Cleanup Xml Logs" date="2025-11-02T08:33:46.189" /><!-- duration: 30ms -->
  <step title="ZipPushDeploy" date="2025-11-02T08:33:46.344" >
    <step title="ZipDeploy. Extract zip. Remote build. " date="2025-11-02T08:33:46.487" /><!-- duration: 0ms -->
    <step title="Starting PushDeployAsync" date="2025-11-02T08:33:46.532" /><!-- duration: 18ms -->
    <step title="Updating shutdown sentinel last write time" date="2025-11-02T08:33:46.659" SemaphoreCount="7" /><!-- duration: 18ms -->
    <step title="LockFile &apos;C:\home\site\locks\deployments.lock&apos; acquired" date="2025-11-02T08:33:46.735" /><!-- duration: 16ms -->
    <step title="Saving request content to C:\local\Temp\zipdeploy\vwfxmagj.zip" date="2025-11-02T08:33:46.769" >
      <step title="Total 31,379 bytes written to C:\local\Temp\zipdeploy\vwfxmagj.zip" date="2025-11-02T08:33:46.907" /><!-- duration: 47ms -->
    </step><!-- duration: 200ms -->
    <step title="LockFile &apos;C:\home\site\locks\deployments.lock&apos; released" date="2025-11-02T08:33:46.987" /><!-- duration: 0ms -->
    <step title="Deleting shutdown sentinel file" date="2025-11-02T08:33:47.001" SemaphoreCount="8" /><!-- duration: 0ms -->
    <step title="Starting FetchDeploy" date="2025-11-02T08:33:47.016" /><!-- duration: 16ms -->
    <step title="Start deployment in the background" date="2025-11-02T08:33:47.033" /><!-- duration: 531ms -->
  </step><!-- duration: 1266ms -->
  <step title="Outgoing response" date="2025-11-02T08:33:47.657" type="response" statusCode="202" statusText="Accepted" Server="Microsoft-IIS/10.0" x-ms-request-id="abe4f9e1-2029-e39a-bded-3d43967ac7f8" Retry-After="30" Cache-Control="private" X-AspNet-Version="4.0.30319" Location="https://vishapii.scm.azurewebsites.net/api/deployments/latest?deployer=ZipDeploy&amp;time=2025-11-02_08-33-47Z" /><!-- duration: 78ms -->
</step><!-- duration: 1670ms -->
<step title="Starting LocalZipFetch" date="2025-11-02T08:33:47.908" instance="bcfe56" /><!-- duration: 31ms -->
