<step title="Incoming Request" date="2025-11-02T08:53:43.473" instance="5d15ff" url="/api/zipdeploy?isAsync=true" method="POST" type="request" pid="5900,2,7" Content-Length="31521" Content-Type="application/octet-stream" Accept="application/json" Accept-Encoding="gzip" Authorization="Bea..." Host="vishapii.scm.azurewebsites.net" User-Agent="azsdk-go-zip-deploy/1.0.0 (go1.25.0 X:loopvar; Windows_NT),azdev/1.20.3 (Go go1.25.0 X:loopvar; windows/amd64)" X-Ms-Correlation-Request-Id="e6ef7ce5883059f4b8522a87c7feb217" X-ARR-LOG-ID="e6ef7ce5-8830-59f4-b852-2a87c7feb217" CLIENT-IP="157.48.223.191:62715" X-SITE-DEPLOYMENT-ID="vishapii" WAS-DEFAULT-HOSTNAME="vishapii.scm.azurewebsites.net" X-Forwarded-Proto="https" X-AppService-Proto="https" X-Forwarded-TlsVersion="1.3" X-WAWS-Unencoded-URL="/api/zipdeploy?isAsync=true" >
  <step title="Cleanup Xml Logs" date="2025-11-02T08:53:43.488" /><!-- duration: 0ms -->
  <step title="ZipPushDeploy" date="2025-11-02T08:53:46.100" >
    <step title="ZipDeploy. Extract zip. Remote build. " date="2025-11-02T08:53:46.223" /><!-- duration: 18ms -->
    <step title="Starting PushDeployAsync" date="2025-11-02T08:53:46.270" /><!-- duration: 16ms -->
    <step title="Updating shutdown sentinel last write time" date="2025-11-02T08:53:47.176" SemaphoreCount="7" /><!-- duration: 129ms -->
    <step title="LockFile &apos;C:\home\site\locks\deployments.lock&apos; acquired" date="2025-11-02T08:53:47.316" /><!-- duration: 16ms -->
    <step title="Saving request content to C:\local\Temp\zipdeploy\i5prhlql.zip" date="2025-11-02T08:53:47.363" >
      <step title="Total 31,521 bytes written to C:\local\Temp\zipdeploy\i5prhlql.zip" date="2025-11-02T08:53:47.488" /><!-- duration: 18ms -->
    </step><!-- duration: 156ms -->
    <step title="LockFile &apos;C:\home\site\locks\deployments.lock&apos; released" date="2025-11-02T08:53:47.535" /><!-- duration: 16ms -->
    <step title="Deleting shutdown sentinel file" date="2025-11-02T08:53:47.583" SemaphoreCount="8" /><!-- duration: 14ms -->
    <step title="Starting FetchDeploy" date="2025-11-02T08:53:47.631" /><!-- duration: 14ms -->
    <step title="Start deployment in the background" date="2025-11-02T08:53:47.645" /><!-- duration: 360ms -->
  </step><!-- duration: 1923ms -->
  <step title="Outgoing response" date="2025-11-02T08:53:48.160" type="response" statusCode="202" statusText="Accepted" Server="Microsoft-IIS/10.0" x-ms-request-id="e6ef7ce5-8830-59f4-b852-2a87c7feb217" Retry-After="30" Cache-Control="private" X-AspNet-Version="4.0.30319" Location="https://vishapii.scm.azurewebsites.net/api/deployments/latest?deployer=ZipDeploy&amp;time=2025-11-02_08-53-48Z" /><!-- duration: 129ms -->
</step><!-- duration: 4863ms -->
