<step title="BackgroundTrace" date="2025-11-02T08:53:47.676" instance="5d15ff" url="/api/zipdeploy" method="POST" >
  <step title="Updating shutdown sentinel last write time" date="2025-11-02T08:53:47.723" SemaphoreCount="7" /><!-- duration: 15ms -->
  <step title="LockFile &apos;C:\home\site\locks\deployments.lock&apos; acquired" date="2025-11-02T08:53:47.738" /><!-- duration: 0ms -->
  <step title="Creating temporary deployment" date="2025-11-02T08:53:47.754" /><!-- duration: 223ms -->
  <step title="Performing fetch based deployment" date="2025-11-02T08:53:48.004" >
    <step title="Fetching changes." date="2025-11-02T08:53:48.410" /><!-- duration: 31ms -->
    <step title="Starting LocalZipHandler" date="2025-11-02T08:53:48.457" /><!-- duration: 18ms -->
    <step title="Cleaning up temp folders from previous zip deployments and extracting pushed zip file C:\local\Temp\zipdeploy\i5prhlql.zip (0.03 MB) to C:\local\Temp\zipdeploy\extracted" date="2025-11-02T08:53:48.615" /><!-- duration: 0ms -->
    <step title="Cleaning up temp folders from previous zip deployments and extracting pushed zip file C:\local\Temp\zipdeploy\i5prhlql.zip (0.03 MB) to C:\local\Temp\zipdeploy\extracted" date="2025-11-02T08:53:48.629" >
      <step title="Extracting 6 entries to C:\local\Temp\zipdeploy\extracted directory" date="2025-11-02T08:53:48.728" >
        <step title="Extracting to C:\local\Temp\zipdeploy\extracted\.env ..." date="2025-11-02T08:53:48.738" /><!-- duration: 47ms -->
        <step title="Extracting to C:\local\Temp\zipdeploy\extracted\.env.example ..." date="2025-11-02T08:53:48.802" /><!-- duration: 0ms -->
        <step title="Extracting to C:\local\Temp\zipdeploy\extracted\package-lock.json ..." date="2025-11-02T08:53:48.816" /><!-- duration: 16ms -->
        <step title="Extracting to C:\local\Temp\zipdeploy\extracted\package.json ..." date="2025-11-02T08:53:48.849" /><!-- duration: 14ms -->
        <step title="Extracting to C:\local\Temp\zipdeploy\extracted\server.js ..." date="2025-11-02T08:53:48.863" /><!-- duration: 16ms -->
        <step title="Extracting to C:\local\Temp\zipdeploy\extracted\web.config ..." date="2025-11-02T08:53:48.879" /><!-- duration: 16ms -->
      </step><!-- duration: 182ms -->
    </step><!-- duration: 281ms -->
    <step title="Before sending BuildRequestReceived status to /api/updatedeploystatus" date="2025-11-02T08:53:48.926" /><!-- duration: 31ms -->
    <step title="DeploymentManager.Deploy(id:4da27fd5631f45f083095659cb27a117)" date="2025-11-02T08:53:48.975" >
      <step title="Collecting changeset information" date="2025-11-02T08:53:48.988" /><!-- duration: 109ms -->
      <step title="Updating submodules" date="2025-11-02T08:53:49.115" >
        <step title="Updating submodules." date="2025-11-02T08:53:49.242" /><!-- duration: 0ms -->
      </step><!-- duration: 139ms -->
      <step title="Preparing deployment for commit id &apos;4da27fd563&apos;." date="2025-11-02T08:53:49.379" /><!-- duration: 18ms -->
      <step title="Determining deployment builder" date="2025-11-02T08:53:49.551" >
        <step title="UseMSBuild16: True" date="2025-11-02T08:53:49.586" /><!-- duration: 11ms -->
        <step title="Builder is NodeSiteBuilder" date="2025-11-02T08:53:49.680" /><!-- duration: 46ms -->
      </step><!-- duration: 175ms -->
      <step title="Copying SSH keys" date="2025-11-02T08:53:49.770" /><!-- duration: 31ms -->
      <step title="Building" date="2025-11-02T08:53:49.801" >
        <step title="Generating deployment script." date="2025-11-02T08:53:50.023" /><!-- duration: 12ms -->
        <step title="Generating deployment script" date="2025-11-02T08:53:50.035" >
          <step title="Using cached version of the deployment script for command: -y --no-dot-deployment -r &quot;C:\local\Temp\zipdeploy\extracted&quot; -o &quot;C:\home\site\deployments\tools&quot; --node --sitePath &quot;C:\local\Temp\zipdeploy\extracted&quot;" date="2025-11-02T08:53:50.303" /><!-- duration: 0ms -->
          <step title="Using cached version of deployment script (command: &apos;azure -y --no-dot-deployment -r &quot;C:\local\Temp\zipdeploy\extracted&quot; -o &quot;C:\home\site\deployments\tools&quot; --node --sitePath &quot;C:\local\Temp\zipdeploy\extracted&quot;&apos;)." date="2025-11-02T08:53:50.317" /><!-- duration: 0ms -->
        </step><!-- duration: 297ms -->
        <step title="Running deployment command..." date="2025-11-02T08:53:50.395" /><!-- duration: 0ms -->
        <step title="Command: &quot;C:\home\site\deployments\tools\deploy.cmd&quot;" date="2025-11-02T08:53:50.426" /><!-- duration: 0ms -->
        <step title="Executing external process" date="2025-11-02T08:53:50.926" type="process" path="starter.cmd" arguments="&quot;C:\home\site\deployments\tools\deploy.cmd&quot;" >
          <step title="Handling node.js deployment." date="2025-11-02T08:53:52.942" /><!-- duration: 18ms -->
          <step title="Creating app_offline.htm" date="2025-11-02T08:53:53.551" /><!-- duration: 0ms -->
          <step title="KuduSync.NET from: &apos;C:\local\Temp\zipdeploy\extracted&apos; to: &apos;C:\home\site\wwwroot&apos;" date="2025-11-02T08:53:53.582" /><!-- duration: 16ms -->
          <step title="Copying file: &apos;package-lock.json&apos;" date="2025-11-02T08:53:53.616" /><!-- duration: 0ms -->
          <step title="Copying file: &apos;server.js&apos;" date="2025-11-02T08:53:53.645" /><!-- duration: 0ms -->
          <step title="Deleting app_offline.htm" date="2025-11-02T08:53:53.676" /><!-- duration: 0ms -->
          <step title="Using start-up script server.js from package.json." date="2025-11-02T08:53:55.038" /><!-- duration: 16ms -->
          <step title="Node.js versions available on the platform are: 0.6.20, 0.8.2, 0.8.19, 0.8.26, 0.8.27, 0.8.28, 0.10.5, 0.10.18, 0.10.21, 0.10.24, 0.10.26, 0.10.28, 0.10.29, 0.10.31, 0.10.32, 0.10.40, 4.0.0, 4.1.0, 4.1.2, 4.2.1, 4.2.2, 4.2.3, 4.2.4, 4.3.0, 4.3.2, 4.4.0, 4.4.1, 4.4.6, 4.4.7, 4.5.0, 4.6.0, 4.6.1, 4.8.4, 4.9.1, 5.0.0, 5.1.1, 5.3.0, 5.4.0, 5.5.0, 5.6.0, 5.7.0, 5.7.1, 5.8.0, 5.9.1, 6.0.0, 6.1.0, 6.2.2, 6.3.0, 6.5.0, 6.6.0, 6.7.0, 6.9.0, 6.9.1, 6.9.2, 6.9.4, 6.9.5, 6.10.0, 6.10.3, 6.11.1, 6.11.2, 6.11.5, 6.12.2, 6.12.3, 6.17.1, 8.0.0, 8.1.4, 8.4.0, 8.5.0, 8.7.0, 8.8.0, 8.8.1, 8.9.0, 8.9.3, 8.9.4, 8.10.0, 8.11.1, 8.17.0, 10.0.0, 10.6.0, 10.14.1, 10.15.2, 10.16.3, 10.19.0, 10.24.1, 12.13.0, 12.15.0, 12.18.0, 12.21.0, 12.22.12, 14.10.1, 14.15.0, 14.15.1, 14.16.0, 14.18.1, 14.20.0, 16.9.1, 16.13.0, 16.16.0, 18.3.0, 18.12.1, 18.19.1, 18.20.4, 18.20.7, 20.9.0, 20.18.3, 20.19.4, 22.5.1, 22.14.0, 22.17.1." date="2025-11-02T08:53:55.397" /><!-- duration: 0ms -->
          <step title="Selected node.js version 22.17.1. Use package.json file to choose a different version." date="2025-11-02T08:53:55.444" /><!-- duration: 16ms -->
          <step title="Selected npm version 11.5.1" date="2025-11-02T08:53:55.491" /><!-- duration: 0ms -->
          <step title="Updating iisnode.yml at C:\home\site\wwwroot\iisnode.yml" date="2025-11-02T08:53:55.525" /><!-- duration: 12ms -->
          <step title="npm warn config production Use `--omit=dev` instead." date="2025-11-02T08:53:57.600" /><!-- duration: 16ms -->
          <step title="up to date, audited 192 packages in 12s" date="2025-11-02T08:54:09.294" /><!-- duration: 19ms -->
          <step title="npm notice" date="2025-11-02T08:54:09.313" /><!-- duration: 28ms -->
          <step title="37 packages are looking for funding" date="2025-11-02T08:54:09.359" /><!-- duration: 0ms -->
>
          <step title="npm notice New minor version of npm available! 11.5.1 -&gt; 11.6.2" date="2025-11-02T08:54:09.372"           <step title="  run `npm fund` for details" date="2025-11-02T08:54:09.388" /><!-- duration: 33ms -->
/><!-- duration: 35ms -->
          <step title="npm notice Changelog: https://github.com/npm/cli/releases/tag/v11.6.2" date="2025-11-02T08:54:09.434" /><!-- duration: 16ms -->
          <step title="found 0 vulnerabilities" date="2025-11-02T08:54:09.467" /><!-- duration: 0ms -->
          <step title="npm notice To update run: npm install -g npm@11.6.2" date="2025-11-02T08:54:09.513" /><!-- duration: 18ms -->
          <step title="npm notice" date="2025-11-02T08:54:09.594" /><!-- duration: 28ms -->
          <step title="Finished successfully." date="2025-11-02T08:54:15.593" /><!-- duration: 13ms -->
        </step><!-- duration: 24759ms -->
        <step title="Running post deployment command(s)..." date="2025-11-02T08:54:15.841" /><!-- duration: 0ms -->
        <step title="Triggering recycle (preview mode disabled)." date="2025-11-02T08:54:15.998" /><!-- duration: 0ms -->
        <step title="Ignoring FS watcher based recycle request as this is a classic Windows app." date="2025-11-02T08:54:16.017" /><!-- duration: 27ms -->
        <step title="Deployment successful. DEPLOYMENTINFO: deploymentPath = ZipDeploy. Extract zip. Remote build. , deployer = ZipDeploy, os = windows, sku = Basic, siteName = vishapii, siteHostName = vishapii.azurewebsites.net, deploymentStatus = Success" date="2025-11-02T08:54:16.278" /><!-- duration: 16ms -->
      </step><!-- duration: 26946ms -->
    </step><!-- duration: 27803ms -->
    <step title="Cleaning up temp files" date="2025-11-02T08:54:16.778" /><!-- duration: 16ms -->
    <step title="Skip function trigger and logicapp sync because function is not enabled." date="2025-11-02T08:54:16.840" /><!-- duration: 31ms -->
  </step><!-- duration: 28930ms -->
  <step title="LockFile &apos;C:\home\site\locks\deployments.lock&apos; released" date="2025-11-02T08:54:17.000" /><!-- duration: 13ms -->
  <step title="Deleting shutdown sentinel file" date="2025-11-02T08:54:17.028" SemaphoreCount="8" /><!-- duration: 17ms -->
</step><!-- duration: 29415ms -->
