{"TimeStamp":"2025-11-02T08:52:11Z","SiteName":"vishapii","RequestId":"68e0b9f6-f049-120d-f358-2f8574efea3f","Kind":"ZipDeploy","Status":"Success","Details":"{\"Id\":\"16d86e53cb5f448faf17922b766d7d00\",\"Status\":4,\"StatusText\":\"\",\"AuthorEmail\":\"N/A\",\"Author\":\"N/A\",\"Message\":\"Created via a push deployment\",\"Progress\":\"\",\"Deployer\":\"ZipDeploy\",\"ReceivedTime\":\"2025-11-02T08:51:40.0997637Z\",\"StartTime\":\"2025-11-02T08:51:40.5221711Z\",\"EndTime\":\"2025-11-02T08:52:11.1874545Z\",\"LastSuccessEndTime\":\"2025-11-02T08:52:11.1874545Z\",\"Complete\":true,\"IsTemporary\":false,\"IsReadOnly\":true,\"SiteName\":\"vishapii\",\"HostName\":\"vishapii.scm.azurewebsites.net\",\"ProjectType\":\"NODE.JS\",\"VsProjectId\":null}"}