﻿<?xml version="1.0" encoding="utf-8"?>
<deployment>
  <id>9f532313bb3044cc8e7e9c8b6d2baa13</id>
  <author>N/A</author>
  <deployer>ZipDeploy</deployer>
  <authorEmail>N/A</authorEmail>
  <message>Created via a push deployment</message>
  <progress></progress>
  <status>Success</status>
  <statusText></statusText>
  <lastSuccessEndTime>2025-11-02T08:34:22.5971436Z</lastSuccessEndTime>
  <receivedTime>2025-11-02T08:33:48.5012089Z</receivedTime>
  <startTime>2025-11-02T08:33:48.9230854Z</startTime>
  <endTime>2025-11-02T08:34:22.5971436Z</endTime>
  <complete>True</complete>
  <is_temp>False</is_temp>
  <is_readonly>True</is_readonly>
  <project_type>NODE.JS</project_type>
  <vsproject_id></vsproject_id>
</deployment>