﻿<?xml version="1.0" encoding="utf-8"?>
<deployment>
  <id>4da27fd5631f45f083095659cb27a117</id>
  <author>N/A</author>
  <deployer>ZipDeploy</deployer>
  <authorEmail>N/A</authorEmail>
  <message>Created via a push deployment</message>
  <progress></progress>
  <status>Success</status>
  <statusText></statusText>
  <lastSuccessEndTime>2025-11-02T08:54:16.3566353Z</lastSuccessEndTime>
  <receivedTime>2025-11-02T08:53:49.0356552Z</receivedTime>
  <startTime>2025-11-02T08:53:49.4780307Z</startTime>
  <endTime>2025-11-02T08:54:16.3566353Z</endTime>
  <complete>True</complete>
  <is_temp>False</is_temp>
  <is_readonly>True</is_readonly>
  <project_type>NODE.JS</project_type>
  <vsproject_id></vsproject_id>
</deployment>