<step title="Incoming Request" date="2025-11-02T08:14:11.948" instance="5d15ff" url="/api/zipdeploy?isAsync=true" method="POST" type="request" pid="7908,2,9" Content-Length="31138" Content-Type="application/octet-stream" Accept="application/json" Accept-Encoding="gzip" Authorization="Bea..." Host="vishapii.scm.azurewebsites.net" User-Agent="azsdk-go-zip-deploy/1.0.0 (go1.25.0 X:loopvar; Windows_NT),azdev/1.20.3 (Go go1.25.0 X:loopvar; windows/amd64)" X-Ms-Correlation-Request-Id="f7821d0e204254473c93a5d521dc35e6" X-ARR-LOG-ID="f7821d0e-2042-5447-3c93-a5d521dc35e6" CLIENT-IP="157.48.223.191:50091" X-SITE-DEPLOYMENT-ID="vishapii" WAS-DEFAULT-HOSTNAME="vishapii.scm.azurewebsites.net" X-Forwarded-Proto="https" X-AppService-Proto="https" X-Forwarded-TlsVersion="1.3" X-WAWS-Unencoded-URL="/api/zipdeploy?isAsync=true" >
  <step title="Cleanup Xml Logs" date="2025-11-02T08:14:11.948" /><!-- duration: 0ms -->
  <step title="ZipPushDeploy" date="2025-11-02T08:14:14.702" >
    <step title="ZipDeploy. Extract zip. Remote build. " date="2025-11-02T08:14:14.828" /><!-- duration: 11ms -->
    <step title="Starting PushDeployAsync" date="2025-11-02T08:14:14.870" /><!-- duration: 125ms -->
    <step title="Updating shutdown sentinel last write time" date="2025-11-02T08:14:15.452" SemaphoreCount="7" /><!-- duration: 12ms -->
    <step title="LockFile &apos;C:\home\site\locks\deployments.lock&apos; acquired" date="2025-11-02T08:14:15.464" /><!-- duration: 16ms -->
    <step title="Saving request content to C:\local\Temp\zipdeploy\gyzkr3k4.zip" date="2025-11-02T08:14:15.495" >
      <step title="Total 31,138 bytes written to C:\local\Temp\zipdeploy\gyzkr3k4.zip" date="2025-11-02T08:14:15.621" /><!-- duration: 0ms -->
    </step><!-- duration: 141ms -->
    <step title="LockFile &apos;C:\home\site\locks\deployments.lock&apos; released" date="2025-11-02T08:14:15.651" /><!-- duration: 0ms -->
    <step title="Deleting shutdown sentinel file" date="2025-11-02T08:14:15.667" SemaphoreCount="8" /><!-- duration: 16ms -->
    <step title="Starting FetchDeploy" date="2025-11-02T08:14:15.699" /><!-- duration: 18ms -->
    <step title="Start deployment in the background" date="2025-11-02T08:14:15.730" /><!-- duration: 344ms -->
  </step><!-- duration: 1408ms -->
  <step title="Outgoing response" date="2025-11-02T08:14:16.388" type="response" statusCode="202" statusText="Accepted" Server="Microsoft-IIS/10.0" x-ms-request-id="f7821d0e-2042-5447-3c93-a5d521dc35e6" Retry-After="30" Cache-Control="private" X-AspNet-Version="4.0.30319" Location="https://vishapii.scm.azurewebsites.net/api/deployments/latest?deployer=ZipDeploy&amp;time=2025-11-02_08-14-16Z" /><!-- duration: 29ms -->
</step><!-- duration: 4516ms -->
