<step title="Incoming Request" date="2025-11-02T08:51:35.490" instance="1e09d2" url="/api/zipdeploy?isAsync=true" method="POST" type="request" pid="5872,2,14" Content-Length="31529" Content-Type="application/octet-stream" Accept="application/json" Accept-Encoding="gzip" Authorization="Bea..." Host="vishapii.scm.azurewebsites.net" User-Agent="azsdk-go-zip-deploy/1.0.0 (go1.25.0 X:loopvar; Windows_NT),azdev/1.20.3 (Go go1.25.0 X:loopvar; windows/amd64)" X-Ms-Correlation-Request-Id="68e0b9f6f049120df3582f8574efea3f" X-ARR-LOG-ID="68e0b9f6-f049-120d-f358-2f8574efea3f" CLIENT-IP="157.48.223.191:55514" X-SITE-DEPLOYMENT-ID="vishapii" WAS-DEFAULT-HOSTNAME="vishapii.scm.azurewebsites.net" X-Forwarded-Proto="https" X-AppService-Proto="https" X-Forwarded-TlsVersion="1.3" X-WAWS-Unencoded-URL="/api/zipdeploy?isAsync=true" >
  <step title="Cleanup Xml Logs" date="2025-11-02T08:51:35.490" /><!-- duration: 16ms -->
  <step title="ZipPushDeploy" date="2025-11-02T08:51:37.834" >
    <step title="ZipDeploy. Extract zip. Remote build. " date="2025-11-02T08:51:37.947" /><!-- duration: 11ms -->
    <step title="Starting PushDeployAsync" date="2025-11-02T08:51:37.976" /><!-- duration: 14ms -->
    <step title="Updating shutdown sentinel last write time" date="2025-11-02T08:51:38.365" SemaphoreCount="7" /><!-- duration: 0ms -->
    <step title="LockFile &apos;C:\home\site\locks\deployments.lock&apos; acquired" date="2025-11-02T08:51:38.400" /><!-- duration: 12ms -->
    <step title="Saving request content to C:\local\Temp\zipdeploy\gr1hakrf.zip" date="2025-11-02T08:51:38.428" >
      <step title="Total 31,529 bytes written to C:\local\Temp\zipdeploy\gr1hakrf.zip" date="2025-11-02T08:51:38.521" /><!-- duration: 19ms -->
    </step><!-- duration: 124ms -->
    <step title="LockFile &apos;C:\home\site\locks\deployments.lock&apos; released" date="2025-11-02T08:51:38.552" /><!-- duration: 17ms -->
    <step title="Deleting shutdown sentinel file" date="2025-11-02T08:51:38.570" SemaphoreCount="8" /><!-- duration: 14ms -->
    <step title="Starting FetchDeploy" date="2025-11-02T08:51:38.599" /><!-- duration: 0ms -->
    <step title="Start deployment in the background" date="2025-11-02T08:51:38.618" /><!-- duration: 388ms -->
  </step><!-- duration: 1204ms -->
  <step title="Outgoing response" date="2025-11-02T08:51:39.162" type="response" statusCode="202" statusText="Accepted" Server="Microsoft-IIS/10.0" x-ms-request-id="68e0b9f6-f049-120d-f358-2f8574efea3f" Retry-After="30" Cache-Control="private" X-AspNet-Version="4.0.30319" Location="https://vishapii.scm.azurewebsites.net/api/deployments/latest?deployer=ZipDeploy&amp;time=2025-11-02_08-51-39Z" /><!-- duration: 109ms -->
</step><!-- duration: 3865ms -->
