<step title="Incoming Request" date="2025-11-02T08:38:25.110" instance="5d15ff" url="/api/zipdeploy?isAsync=true" method="POST" type="request" pid="7908,2,15" Content-Length="31413" Content-Type="application/octet-stream" Accept="application/json" Accept-Encoding="gzip" Authorization="Bea..." Host="vishapii.scm.azurewebsites.net" User-Agent="azsdk-go-zip-deploy/1.0.0 (go1.25.0 X:loopvar; Windows_NT),azdev/1.20.3 (Go go1.25.0 X:loopvar; windows/amd64)" X-Ms-Correlation-Request-Id="1f02459eba514f77abafe2efb24a5727" X-ARR-LOG-ID="1f02459e-ba51-4f77-abaf-e2efb24a5727" CLIENT-IP="157.48.223.191:59732" X-SITE-DEPLOYMENT-ID="vishapii" WAS-DEFAULT-HOSTNAME="vishapii.scm.azurewebsites.net" X-Forwarded-Proto="https" X-AppService-Proto="https" X-Forwarded-TlsVersion="1.3" X-WAWS-Unencoded-URL="/api/zipdeploy?isAsync=true" >
  <step title="Cleanup Xml Logs" date="2025-11-02T08:38:25.139" /><!-- duration: 19ms -->
  <step title="ZipPushDeploy" date="2025-11-02T08:38:25.206" >
    <step title="ZipDeploy. Extract zip. Remote build. " date="2025-11-02T08:38:25.217" /><!-- duration: 0ms -->
    <step title="Starting PushDeployAsync" date="2025-11-02T08:38:25.217" /><!-- duration: 0ms -->
    <step title="Updating shutdown sentinel last write time" date="2025-11-02T08:38:25.248" SemaphoreCount="7" /><!-- duration: 16ms -->
    <step title="LockFile &apos;C:\home\site\locks\deployments.lock&apos; acquired" date="2025-11-02T08:38:25.312" /><!-- duration: 14ms -->
    <step title="Saving request content to C:\local\Temp\zipdeploy\nmbeyx3x.zip" date="2025-11-02T08:38:25.326" >
      <step title="Total 31,413 bytes written to C:\local\Temp\zipdeploy\nmbeyx3x.zip" date="2025-11-02T08:38:25.342" /><!-- duration: 0ms -->
    </step><!-- duration: 35ms -->
    <step title="LockFile &apos;C:\home\site\locks\deployments.lock&apos; released" date="2025-11-02T08:38:25.373" /><!-- duration: 19ms -->
    <step title="Deleting shutdown sentinel file" date="2025-11-02T08:38:25.404" SemaphoreCount="8" /><!-- duration: 17ms -->
    <step title="Starting FetchDeploy" date="2025-11-02T08:38:25.421" /><!-- duration: 19ms -->
    <step title="Start deployment in the background" date="2025-11-02T08:38:25.451" >
      <step title="Starting LocalZipFetch" date="2025-11-02T08:38:25.718" /><!-- duration: 0ms -->
    </step><!-- duration: 600ms -->
  </step><!-- duration: 865ms -->
  <step title="Outgoing response" date="2025-11-02T08:38:27.116" type="response" statusCode="202" statusText="Accepted" Server="Microsoft-IIS/10.0" x-ms-request-id="1f02459e-ba51-4f77-abaf-e2efb24a5727" Retry-After="30" Cache-Control="private" X-AspNet-Version="4.0.30319" Location="https://vishapii.scm.azurewebsites.net/api/deployments/latest?deployer=ZipDeploy&amp;time=2025-11-02_08-38-26Z" /><!-- duration: 0ms -->
</step><!-- duration: 2024ms -->
