{"TimeStamp":"2025-11-02T08:54:16Z","SiteName":"vishapii","RequestId":"e6ef7ce5-8830-59f4-b852-2a87c7feb217","Kind":"ZipDeploy","Status":"Success","Details":"{\"Id\":\"4da27fd5631f45f083095659cb27a117\",\"Status\":4,\"StatusText\":\"\",\"AuthorEmail\":\"N/A\",\"Author\":\"N/A\",\"Message\":\"Created via a push deployment\",\"Progress\":\"\",\"Deployer\":\"ZipDeploy\",\"ReceivedTime\":\"2025-11-02T08:53:49.0356552Z\",\"StartTime\":\"2025-11-02T08:53:49.4780307Z\",\"EndTime\":\"2025-11-02T08:54:16.3566353Z\",\"LastSuccessEndTime\":\"2025-11-02T08:54:16.3566353Z\",\"Complete\":true,\"IsTemporary\":false,\"IsReadOnly\":true,\"SiteName\":\"vishapii\",\"HostName\":\"vishapii.scm.azurewebsites.net\",\"ProjectType\":\"NODE.JS\",\"VsProjectId\":null}"}