﻿<?xml version="1.0" encoding="utf-8"?>
<deployment>
  <id>16d86e53cb5f448faf17922b766d7d00</id>
  <author>N/A</author>
  <deployer>ZipDeploy</deployer>
  <authorEmail>N/A</authorEmail>
  <message>Created via a push deployment</message>
  <progress></progress>
  <status>Success</status>
  <statusText></statusText>
  <lastSuccessEndTime>2025-11-02T08:52:11.1874545Z</lastSuccessEndTime>
  <receivedTime>2025-11-02T08:51:40.0997637Z</receivedTime>
  <startTime>2025-11-02T08:51:40.5221711Z</startTime>
  <endTime>2025-11-02T08:52:11.1874545Z</endTime>
  <complete>True</complete>
  <is_temp>False</is_temp>
  <is_readonly>True</is_readonly>
  <project_type>NODE.JS</project_type>
  <vsproject_id></vsproject_id>
</deployment>